chip,task,network,input,fps_b1,fps_b8,params_m,ops_g
Hailo-10H,classification,cas_vit_m,384x384x3,80.3,206.0,12.42,10.89
Hailo-10H,classification,cas_vit_s,384x384x3,111.0,292.0,5.5,5.4
Hailo-10H,classification,cas_vit_t,384x384x3,62.5,135.0,21.76,20.85
Hailo-10H,classification,davit_tiny,224x224x3,20.9,47.3,28.36,9.1
Hailo-10H,classification,deit_base,224x224x3,52.1,141.0,80.26,35.22
Hailo-10H,classification,deit_small,224x224x3,125.0,424.0,20.52,9.4
Hailo-10H,classification,deit_tiny,224x224x3,145.0,497.0,5.3,2.57
Hailo-10H,classification,efficientformer_l1,224x224x3,86.6,162.0,12.3,2.6
Hailo-10H,classification,efficientnet_l,300x300x3,124.0,234.0,10.55,19.4
Hailo-10H,classification,efficientnet_lite0,224x224x3,2217.0,2217.0,4.63,0.78
Hailo-10H,classification,efficientnet_lite1,240x240x3,963.0,963.0,5.39,1.22
Hailo-10H,classification,efficientnet_lite2,260x260x3,207.0,480.0,6.06,1.74
Hailo-10H,classification,efficientnet_lite3,280x280x3,164.0,366.0,8.16,2.8
Hailo-10H,classification,efficientnet_lite4,300x300x3,137.0,330.0,12.95,5.10
Hailo-10H,classification,efficientnet_m,240x240x3,551.0,551.0,6.87,7.32
Hailo-10H,classification,efficientnet_s,224x224x3,904.0,904.0,5.41,4.72
Hailo-10H,classification,fastvit_sa12⭐,224x224x3,281.0,861.0,11.99,3.59
Hailo-10H,classification,hardnet39ds⭐,224x224x3,563.0,1517.0,3.48,0.86
Hailo-10H,classification,hardnet68⭐,224x224x3,218.0,561.0,17.56,8.5
Hailo-10H,classification,inception_v1,224x224x3,1308.0,1308.0,6.62,3
Hailo-10H,classification,levit128,224x224x3,215.0,831.0,9.2,0.8
Hailo-10H,classification,levit192,224x224x3,225.0,897.0,10.9,1.3
Hailo-10H,classification,levit256,224x224x3,173.0,650.0,18.9,2.3
Hailo-10H,classification,levit384,224x224x3,112.0,423.0,39.1,4.7
Hailo-10H,classification,mobilenet_v1,224x224x3,2793.0,2818.0,4.22,1.14
Hailo-10H,classification,mobilenet_v2_1.0,224x224x3,2798.0,2753.0,3.49,0.62
Hailo-10H,classification,mobilenet_v2_1.4,224x224x3,1818.0,1818.0,6.09,1.18
Hailo-10H,classification,mobilenet_v3,224x224x3,2824.0,2839.0,4.07,2
Hailo-10H,classification,nextvit_base,224x224x3,48.4,204.0,44.8,16.6
Hailo-10H,classification,nextvit_small,224x224x3,63.5,272.0,31.7,11.6
Hailo-10H,classification,poolformer_s12,224x224x3,74.4,283.0,11.93,3.67
Hailo-10H,classification,regnetx_1.6gf,224x224x3,2741.0,2742.0,9.17,3.22
Hailo-10H,classification,regnetx_800mf,224x224x3,3015.0,3043.0,7.24,1.6
Hailo-10H,classification,repghost_1_0x,224x224x3,348.0,1098.0,4.1,0.28
Hailo-10H,classification,repghost_2_0x,224x224x3,208.0,729.0,9.8,1.04
Hailo-10H,classification,repvgg_a1,224x224x3,2020.0,2019.0,12.79,4.7
Hailo-10H,classification,repvgg_a2,224x224x3,299.0,641.0,25.5,10.2
Hailo-10H,classification,resmlp12_relu,224x224x3,149.0,647.0,15.77,6.04
Hailo-10H,classification,resnet_v1_18⭐,224x224x3,2710.0,2710.0,11.68,3.64
Hailo-10H,classification,resnet_v1_34⭐,224x224x3,363.0,1015.0,21.79,7.34
Hailo-10H,classification,resnet_v1_50⭐,224x224x3,331.0,1024.0,25.53,6.98
Hailo-10H,classification,resnext26_32x4d,224x224x3,862.0,862.0,15.37,4.96
Hailo-10H,classification,resnext50_32x4d,224x224x3,249.0,625.0,24.99,8.48
Hailo-10H,classification,squeezenet_v1.1,224x224x3,2995.0,3012.0,1.24,0.78
Hailo-10H,classification,swin_small,224x224x3,27.1,89.5,50,17.6
Hailo-10H,classification,swin_tiny,224x224x3,49.3,146.0,29,9.1
Hailo-10H,classification,vit_base,224x224x3,57.7,177.0,86.5,35.188
Hailo-10H,classification,vit_base_bn,224x224x3,71.7,209.0,86.5,35.188
Hailo-10H,classification,vit_large,224x224x3,19.0,51.6,304.2,123.4
Hailo-10H,classification,vit_small,224x224x3,116.0,413.0,21.12,8.62
Hailo-10H,classification,vit_small_bn,224x224x3,166.0,663.0,21.12,8.62
Hailo-10H,classification,vit_tiny,224x224x3,145.0,496.0,5.73,2.2
Hailo-10H,classification,vit_tiny_bn,224x224x3,332.0,1325.0,5.73,2.2
Hailo-10H,object_detection,centernet_resnet_v1_18_postprocess,512x512x3,282.0,282.0,14.22,31.21
Hailo-10H,object_detection,centernet_resnet_v1_50_postprocess,512x512x3,100.0,157.0,30.07,56.92
Hailo-10H,object_detection,damoyolo_tinynasL20_T,640x640x3,205.0,272.0,11.35,18.02
Hailo-10H,object_detection,damoyolo_tinynasL25_S,640x640x3,115.0,201.0,16.25,37.64
Hailo-10H,object_detection,damoyolo_tinynasL35_M,640x640x3,73.6,135.0,33.98,61.64
Hailo-10H,object_detection,detr_resnet_v1_18_bn,800x800x3,41.3,86.4,32.42,61.87
Hailo-10H,object_detection,efficientdet_lite0,320x320x3,173.0,212.0,3.56,1.94
Hailo-10H,object_detection,efficientdet_lite1,384x384x3,118.0,160.0,4.73,4
Hailo-10H,object_detection,efficientdet_lite2,448x448x3,100.0,137.0,5.93,6.84
Hailo-10H,object_detection,nanodet_repvgg,416x416x3,837.0,844.0,6.74,11.28
Hailo-10H,object_detection,nanodet_repvgg_a12,640x640x3,338.0,338.0,5.13,28.23
Hailo-10H,object_detection,nanodet_repvgg_a1_640,640x640x3,305.0,305.0,10.79,42.8
Hailo-10H,object_detection,ssd_mobilenet_v1⭐,300x300x3,463.0,458.0,6.79,2.5
Hailo-10H,object_detection,ssd_mobilenet_v2,300x300x3,462.0,456.0,4.46,1.52
Hailo-10H,object_detection,tiny_yolov3,416x416x3,1295.0,1232.0,8.85,5.58
Hailo-10H,object_detection,tiny_yolov4,416x416x3,1268.0,1207.0,6.05,6.92
Hailo-10H,object_detection,yolo26m,640x640x3,58.8,103.0,20.4,68.4
Hailo-10H,object_detection,yolo26n,640x640x3,233.0,294.0,2.4,5.5
Hailo-10H,object_detection,yolo26s,640x640x3,125.0,212.0,9.5,20.9
Hailo-10H,object_detection,yolov10b⭐,640x640x3,50.0,90.0,20.15,92.09
Hailo-10H,object_detection,yolov10n⭐,640x640x3,303.0,345.0,2.3,6.8
Hailo-10H,object_detection,yolov10s⭐,640x640x3,146.0,230.0,7.2,21.7
Hailo-10H,object_detection,yolov10x⭐,640x640x3,22.6,39.3,31.72,160.56
Hailo-10H,object_detection,yolov11l⭐,640x640x3,41.7,72.8,25.3,87.17
Hailo-10H,object_detection,yolov11m⭐,640x640x3,70.6,124.0,20.1,68.1
Hailo-10H,object_detection,yolov11n⭐,640x640x3,302.0,332.0,2.6,6.55
Hailo-10H,object_detection,yolov11s⭐,640x640x3,142.0,223.0,9.4,21.6
Hailo-10H,object_detection,yolov11x⭐,640x640x3,28.4,43.8,56.9,195.29
Hailo-10H,object_detection,yolov12n,640x640x3,67.5,127.0,2.6,7.5
Hailo-10H,object_detection,yolov3,608x608x3,43.6,58.8,68.79,158.10
Hailo-10H,object_detection,yolov3_416,416x416x3,75.4,121.0,61.92,65.94
Hailo-10H,object_detection,yolov3_gluon,608x608x3,48.4,63.6,68.79,140.7
Hailo-10H,object_detection,yolov3_gluon_416,416x416x3,75.5,127.0,61.92,65.94
Hailo-10H,object_detection,yolov4_leaky,512x512x3,63.4,95.4,64.33,91.04
Hailo-10H,object_detection,yolov5m⭐,640x640x3,111.0,174.0,21.78,52.17
Hailo-10H,object_detection,yolov5m6_6.1,1280x1280x3,40.3,50.4,35.70,200.04
Hailo-10H,object_detection,yolov5m_6.1,640x640x3,85.8,120.0,21.17,48.96
Hailo-10H,object_detection,yolov5m_wo_spp⭐,640x640x3,122.0,208.0,22.67,52.88
Hailo-10H,object_detection,yolov5s⭐,640x640x3,250.0,296.0,7.46,17.44
Hailo-10H,object_detection,yolov5s_bbox_decoding_only,640x640x3,249.0,296.0,7.46,17.44
Hailo-10H,object_detection,yolov5s_c3tr,640x640x3,200.0,265.0,10.29,17.02
Hailo-10H,object_detection,yolov5s_wo_spp,640x640x3,261.0,370.0,7.85,17.74
Hailo-10H,object_detection,yolov5xs_wo_spp,512x512x3,361.0,513.0,7.85,11.36
Hailo-10H,object_detection,yolov6n⭐,640x640x3,515.0,516.0,4.32,11.12
Hailo-10H,object_detection,yolov6n_0.2.1,640x640x3,568.0,570.0,4.33,11.06
Hailo-10H,object_detection,yolov6n_0.2.1_nms_core,640x640x3,232.0,232.0,4.32,11.12
Hailo-10H,object_detection,yolov7⭐,640x640x3,54.8,84.6,36.91,104.51
Hailo-10H,object_detection,yolov7_tiny,640x640x3,272.0,363.0,6.22,13.74
Hailo-10H,object_detection,yolov7e6,1280x1280x3,16.6,20.4,97.20,515.12
Hailo-10H,object_detection,yolov7x⭐,640x640x3,35.0,53.0,71.46,189.68
Hailo-10H,object_detection,yolov8l⭐,640x640x3,40.0,61.2,43.7,165.3
Hailo-10H,object_detection,yolov8m⭐,640x640x3,76.2,132.0,25.9,78.93
Hailo-10H,object_detection,yolov8n⭐,640x640x3,375.0,370.0,3.2,8.74
Hailo-10H,object_detection,yolov8s⭐,640x640x3,166.0,252.0,11.2,28.6
Hailo-10H,object_detection,yolov8s_bbox_decoding_only,640x640x3,166.0,251.0,11.2,28.6
Hailo-10H,object_detection,yolov8x⭐,640x640x3,25.7,38.7,68.2,258
Hailo-10H,object_detection,yolov9c⭐,640x640x3,54.5,89.3,25.3,102.1
Hailo-10H,object_detection,yolox_l_leaky,640x640x3,44.9,66.1,54.17,155.3
Hailo-10H,object_detection,yolox_s_leaky,640x640x3,199.0,233.0,8.96,26.74
Hailo-10H,object_detection,yolox_s_wide_leaky,640x640x3,113.0,148.0,20.12,59.46
Hailo-10H,object_detection,yolox_tiny,416x416x3,399.0,568.0,5.05,6.44
Hailo-8L,classification,cas_vit_m,384x384x3,39.0,103.0,12.42,10.89
Hailo-8L,classification,cas_vit_s,384x384x3,55.3,152.0,5.5,5.4
Hailo-8L,classification,cas_vit_t,384x384x3,27.3,63.8,21.76,20.85
Hailo-8L,classification,davit_tiny,224x224x3,12.4,26.1,28.36,9.1
Hailo-8L,classification,deit_base,224x224x3,21.6,59.5,80.26,35.22
Hailo-8L,classification,deit_small,224x224x3,54.0,203.0,20.52,9.4
Hailo-8L,classification,deit_tiny,224x224x3,68.6,258.0,5.3,2.57
Hailo-8L,classification,efficientformer_l1,224x224x3,79.9,203.0,12.3,2.6
Hailo-8L,classification,efficientnet_l,300x300x3,78.6,162.0,10.55,19.4
Hailo-8L,classification,efficientnet_lite0,224x224x3,1057.0,1057.0,4.63,0.78
Hailo-8L,classification,efficientnet_lite1,240x240x3,474.0,474.0,5.39,1.22
Hailo-8L,classification,efficientnet_lite2,260x260x3,109.0,273.0,6.06,1.74
Hailo-8L,classification,efficientnet_lite3,280x280x3,111.0,305.0,8.16,2.8
Hailo-8L,classification,efficientnet_lite4,300x300x3,73.6,196.0,12.95,5.10
Hailo-8L,classification,efficientnet_m,240x240x3,155.0,408.0,6.87,7.32
Hailo-8L,classification,efficientnet_s,224x224x3,548.0,548.0,5.41,4.72
Hailo-8L,classification,fastvit_sa12⭐,224x224x3,138.0,535.0,11.99,3.59
Hailo-8L,classification,hardnet39ds⭐,224x224x3,277.0,933.0,3.48,0.86
Hailo-8L,classification,hardnet68⭐,224x224x3,115.0,298.0,17.56,8.5
Hailo-8L,classification,inception_v1,224x224x3,313.0,882.0,6.62,3
Hailo-8L,classification,levit128,224x224x3,103.0,494.0,9.2,0.8
Hailo-8L,classification,levit192,224x224x3,98.6,494.0,10.9,1.3
Hailo-8L,classification,levit256,224x224x3,79.5,389.0,18.9,2.3
Hailo-8L,classification,levit384,224x224x3,51.4,232.0,39.1,4.7
Hailo-8L,classification,mobilenet_v1,224x224x3,2565.0,2565.0,4.22,1.14
Hailo-8L,classification,mobilenet_v2_1.0,224x224x3,1738.0,1738.0,3.49,0.62
Hailo-8L,classification,mobilenet_v2_1.4,224x224x3,1098.0,1098.0,6.09,1.18
Hailo-8L,classification,mobilenet_v3,224x224x3,1935.0,1936.0,4.07,2
Hailo-8L,classification,nextvit_small,224x224x3,41.1,169.0,31.7,11.6
Hailo-8L,classification,regnetx_1.6gf,224x224x3,1339.0,1339.0,9.17,3.22
Hailo-8L,classification,regnetx_800mf,224x224x3,2450.0,2450.0,7.24,1.6
Hailo-8L,classification,repghost_1_0x,224x224x3,189.0,804.0,4.1,0.28
Hailo-8L,classification,repghost_2_0x,224x224x3,112.0,427.0,9.8,1.04
Hailo-8L,classification,repvgg_a1,224x224x3,1346.0,1346.0,12.79,4.7
Hailo-8L,classification,repvgg_a2,224x224x3,145.0,335.0,25.5,10.2
Hailo-8L,classification,resmlp12_relu,224x224x3,47.9,200.0,15.77,6.04
Hailo-8L,classification,resnet_v1_18⭐,224x224x3,1281.0,1281.0,11.68,3.64
Hailo-8L,classification,resnet_v1_34⭐,224x224x3,162.0,484.0,21.79,7.34
Hailo-8L,classification,resnet_v1_50⭐,224x224x3,138.0,502.0,25.53,6.98
Hailo-8L,classification,resnext26_32x4d,224x224x3,200.0,565.0,15.37,4.96
Hailo-8L,classification,resnext50_32x4d,224x224x3,126.0,348.0,24.99,8.48
Hailo-8L,classification,squeezenet_v1.1,224x224x3,2514.0,2514.0,1.24,0.78
Hailo-8L,classification,swin_small,224x224x3,12.9,31.2,50,17.6
Hailo-8L,classification,swin_tiny,224x224x3,23.0,55.1,29,9.1
Hailo-8L,classification,vit_base,224x224x3,21.8,60.9,86.5,35.188
Hailo-8L,classification,vit_base_bn,224x224x3,35.6,121.0,86.5,35.188
Hailo-8L,classification,vit_small,224x224x3,54.7,205.0,21.12,8.62
Hailo-8L,classification,vit_small_bn,224x224x3,98.0,414.0,21.12,8.62
Hailo-8L,classification,vit_tiny,224x224x3,68.5,258.0,5.73,2.2
Hailo-8L,classification,vit_tiny_bn,224x224x3,193.0,951.0,5.73,2.2
Hailo-8L,object_detection,centernet_resnet_v1_18_postprocess,512x512x3,100.0,178.0,14.22,31.21
Hailo-8L,object_detection,centernet_resnet_v1_50_postprocess,512x512x3,57.5,100.0,30.07,56.92
Hailo-8L,object_detection,damoyolo_tinynasL20_T,640x640x3,124.0,268.0,11.35,18.02
Hailo-8L,object_detection,damoyolo_tinynasL25_S,640x640x3,78.2,148.0,16.25,37.64
Hailo-8L,object_detection,damoyolo_tinynasL35_M,640x640x3,51.4,89.2,33.98,61.64
Hailo-8L,object_detection,detr_resnet_v1_18_bn,800x800x3,23.4,50.0,32.42,61.87
Hailo-8L,object_detection,efficientdet_lite0,320x320x3,92.0,241.0,3.56,1.94
Hailo-8L,object_detection,efficientdet_lite1,384x384x3,75.9,184.0,4.73,4
Hailo-8L,object_detection,efficientdet_lite2,448x448x3,39.9,88.4,5.93,6.84
Hailo-8L,object_detection,nanodet_repvgg,416x416x3,620.0,620.0,6.74,11.28
Hailo-8L,object_detection,nanodet_repvgg_a12,640x640x3,201.0,201.0,5.13,28.23
Hailo-8L,object_detection,nanodet_repvgg_a1_640,640x640x3,201.0,201.0,10.79,42.8
Hailo-8L,object_detection,ssd_mobilenet_v1⭐,300x300x3,356.0,356.0,6.79,2.5
Hailo-8L,object_detection,ssd_mobilenet_v2,300x300x3,131.0,293.0,4.46,1.52
Hailo-8L,object_detection,tiny_yolov3,416x416x3,899.0,899.0,8.85,5.58
Hailo-8L,object_detection,tiny_yolov4,416x416x3,895.0,895.0,6.05,6.92
Hailo-8L,object_detection,yolo26m,640x640x3,28.6,47.1,20.4,68.4
Hailo-8L,object_detection,yolo26n,640x640x3,111.0,255.0,2.4,5.5
Hailo-8L,object_detection,yolo26s,640x640x3,66.6,147.0,9.5,20.9
Hailo-8L,object_detection,yolov10b⭐,640x640x3,25.9,45.7,20.15,92.09
Hailo-8L,object_detection,yolov10n⭐,640x640x3,150.0,359.0,2.3,6.8
Hailo-8L,object_detection,yolov10s⭐,640x640x3,87.6,187.0,7.2,21.7
Hailo-8L,object_detection,yolov10x⭐,640x640x3,14.3,26.2,31.72,160.56
Hailo-8L,object_detection,yolov11l⭐,640x640x3,21.8,37.1,25.3,87.17
Hailo-8L,object_detection,yolov11m⭐,640x640x3,35.3,58.1,20.1,68.1
Hailo-8L,object_detection,yolov11n⭐,640x640x3,157.0,371.0,2.6,6.55
Hailo-8L,object_detection,yolov11s⭐,640x640x3,92.0,192.0,9.4,21.6
Hailo-8L,object_detection,yolov11x⭐,640x640x3,12.7,18.1,56.9,195.29
Hailo-8L,object_detection,yolov12n,640x640x3,35.9,69.6,2.6,7.5
Hailo-8L,object_detection,yolov3,608x608x3,21.0,29.1,68.79,158.10
Hailo-8L,object_detection,yolov3_416,416x416x3,34.0,69.6,61.92,65.94
Hailo-8L,object_detection,yolov3_gluon,608x608x3,25.6,39.9,68.79,140.7
Hailo-8L,object_detection,yolov3_gluon_416,416x416x3,31.7,57.3,61.92,65.94
Hailo-8L,object_detection,yolov4_leaky,512x512x3,22.1,32.0,64.33,91.04
Hailo-8L,object_detection,yolov5m⭐,640x640x3,60.4,105.0,21.78,52.17
Hailo-8L,object_detection,yolov5m6_6.1,1280x1280x3,21.8,29.7,35.70,200.04
Hailo-8L,object_detection,yolov5m_6.1,640x640x3,69.2,118.0,21.17,48.96
Hailo-8L,object_detection,yolov5m_wo_spp⭐,640x640x3,62.9,106.0,22.67,52.88
Hailo-8L,object_detection,yolov5s⭐,640x640x3,124.0,243.0,7.46,17.44
Hailo-8L,object_detection,yolov5s_bbox_decoding_only,640x640x3,124.0,243.0,7.46,17.44
Hailo-8L,object_detection,yolov5s_c3tr,640x640x3,120.0,240.0,10.29,17.02
Hailo-8L,object_detection,yolov5s_wo_spp,640x640x3,137.0,275.0,7.85,17.74
Hailo-8L,object_detection,yolov5xs_wo_spp,512x512x3,206.0,438.0,7.85,11.36
Hailo-8L,object_detection,yolov5xs_wo_spp_nms_core,512x512x3,57.2,,7.85,11.36
Hailo-8L,object_detection,yolov6n⭐,640x640x3,356.0,356.0,4.32,11.12
Hailo-8L,object_detection,yolov6n_0.2.1,640x640x3,560.0,560.0,4.33,11.06
Hailo-8L,object_detection,yolov6n_0.2.1_nms_core,640x640x3,199.0,199.0,4.32,11.12
Hailo-8L,object_detection,yolov7⭐,640x640x3,36.7,58.1,36.91,104.51
Hailo-8L,object_detection,yolov7_tiny,640x640x3,157.0,298.0,6.22,13.74
Hailo-8L,object_detection,yolov7e6,1280x1280x3,6.44,7.97,97.20,515.12
Hailo-8L,object_detection,yolov7x⭐,640x640x3,14.5,18.8,71.46,189.68
Hailo-8L,object_detection,yolov8l⭐,640x640x3,26.1,40.7,43.7,165.3
Hailo-8L,object_detection,yolov8m⭐,640x640x3,51.0,87.0,25.9,78.93
Hailo-8L,object_detection,yolov8n⭐,640x640x3,202.0,438.0,3.2,8.74
Hailo-8L,object_detection,yolov8s⭐,640x640x3,110.0,208.0,11.2,28.6
Hailo-8L,object_detection,yolov8s_bbox_decoding_only,640x640x3,110.0,208.0,11.2,28.6
Hailo-8L,object_detection,yolov8x⭐,640x640x3,16.2,23.2,68.2,258
Hailo-8L,object_detection,yolov9c⭐,640x640x3,27.2,42.2,25.3,102.1
Hailo-8L,object_detection,yolox_l_leaky,640x640x3,25.4,39.2,54.17,155.3
Hailo-8L,object_detection,yolox_s_leaky,640x640x3,109.0,199.0,8.96,26.74
Hailo-8L,object_detection,yolox_s_wide_leaky,640x640x3,64.0,102.0,20.12,59.46
Hailo-8L,object_detection,yolox_tiny,416x416x3,214.0,510.0,5.05,6.44
Hailo-8,classification,cas_vit_m,384x384x3,47.8,157.0,12.42,10.89
Hailo-8,classification,cas_vit_s,384x384x3,71.2,225.0,5.5,5.4
Hailo-8,classification,cas_vit_t,384x384x3,31.6,95.9,21.76,20.85
Hailo-8,classification,davit_tiny,224x224x3,17.9,54.4,28.36,9.1
Hailo-8,classification,deit_base,224x224x3,28.5,107.0,80.26,35.22
Hailo-8,classification,deit_small,224x224x3,70.0,309.0,20.52,9.4
Hailo-8,classification,deit_tiny,224x224x3,89.1,406.0,5.3,2.57
Hailo-8,classification,efficientformer_l1,224x224x3,96.4,277.0,12.3,2.6
Hailo-8,classification,efficientnet_l,300x300x3,221.0,221.0,10.55,19.4
Hailo-8,classification,efficientnet_lite0,224x224x3,1953.0,1952.0,4.63,0.78
Hailo-8,classification,efficientnet_lite1,240x240x3,1668.0,1668.0,5.39,1.22
Hailo-8,classification,efficientnet_lite2,260x260x3,977.0,977.0,6.06,1.74
Hailo-8,classification,efficientnet_lite3,280x280x3,512.0,512.0,8.16,2.8
Hailo-8,classification,efficientnet_lite4,300x300x3,273.0,273.0,12.95,5.10
Hailo-8,classification,efficientnet_m,240x240x3,984.0,984.0,6.87,7.32
Hailo-8,classification,efficientnet_s,224x224x3,1232.0,1232.0,5.41,4.72
Hailo-8,classification,fastvit_sa12⭐,224x224x3,1113.0,1113.0,11.99,3.59
Hailo-8,classification,hardnet39ds⭐,224x224x3,1975.0,1975.0,3.48,0.86
Hailo-8,classification,hardnet68⭐,224x224x3,137.0,400.0,17.56,8.5
Hailo-8,classification,inception_v1,224x224x3,2454.0,2454.0,6.62,3
Hailo-8,classification,levit128,224x224x3,128.0,675.0,9.2,0.8
Hailo-8,classification,levit192,224x224x3,134.0,707.0,10.9,1.3
Hailo-8,classification,levit256,224x224x3,100.0,522.0,18.9,2.3
Hailo-8,classification,levit384,224x224x3,65.7,325.0,39.1,4.7
Hailo-8,classification,mobilenet_v1,224x224x3,3305.0,3305.0,4.22,1.14
Hailo-8,classification,mobilenet_v2_1.0,224x224x3,2597.0,2597.0,3.49,0.62
Hailo-8,classification,mobilenet_v2_1.4,224x224x3,1652.0,1652.0,6.09,1.18
Hailo-8,classification,mobilenet_v3,224x224x3,3697.0,3697.0,4.07,2
Hailo-8,classification,nextvit_small,224x224x3,44.7,192.0,31.7,11.6
Hailo-8,classification,regnetx_1.6gf,224x224x3,2551.0,2551.0,9.17,3.22
Hailo-8,classification,regnetx_800mf,224x224x3,3498.0,3498.0,7.24,1.6
Hailo-8,classification,repghost_1_0x,224x224x3,242.0,1071.0,4.1,0.28
Hailo-8,classification,repghost_2_0x,224x224x3,140.0,623.0,9.8,1.04
Hailo-8,classification,repvgg_a1,224x224x3,2707.0,2707.0,12.79,4.7
Hailo-8,classification,repvgg_a2,224x224x3,1132.0,1132.0,25.5,10.2
Hailo-8,classification,resmlp12_relu,224x224x3,1429.0,1429.0,15.77,6.04
Hailo-8,classification,resnet_v1_18⭐,224x224x3,2718.0,2718.0,11.68,3.64
Hailo-8,classification,resnet_v1_34⭐,224x224x3,1505.0,1505.0,21.79,7.34
Hailo-8,classification,resnet_v1_50⭐,224x224x3,1372.0,1372.0,25.53,6.98
Hailo-8,classification,resnext26_32x4d,224x224x3,1630.0,1630.0,15.37,4.96
Hailo-8,classification,resnext50_32x4d,224x224x3,761.0,761.0,24.99,8.48
Hailo-8,classification,squeezenet_v1.1,224x224x3,3034.0,3034.0,1.24,0.78
Hailo-8,classification,swin_small,224x224x3,16.2,51.5,50,17.6
Hailo-8,classification,swin_tiny,224x224x3,31.6,116.0,29,9.1
Hailo-8,classification,vit_base,224x224x3,29.1,108.0,86.5,35.188
Hailo-8,classification,vit_base_bn,224x224x3,40.6,167.0,86.5,35.188
Hailo-8,classification,vit_small,224x224x3,70.2,309.0,21.12,8.62
Hailo-8,classification,vit_small_bn,224x224x3,131.0,640.0,21.12,8.62
Hailo-8,classification,vit_tiny,224x224x3,89.2,406.0,5.73,2.2
Hailo-8,classification,vit_tiny_bn,224x224x3,208.0,1081.0,5.73,2.2
Hailo-8,object_detection,centernet_resnet_v1_18_postprocess,512x512x3,405.0,405.0,14.22,31.21
Hailo-8,object_detection,centernet_resnet_v1_50_postprocess,512x512x3,87.1,178.0,30.07,56.92
Hailo-8,object_detection,damoyolo_tinynasL20_T,640x640x3,564.0,564.0,11.35,18.02
Hailo-8,object_detection,damoyolo_tinynasL25_S,640x640x3,228.0,228.0,16.25,37.64
Hailo-8,object_detection,damoyolo_tinynasL35_M,640x640x3,63.8,130.0,33.98,61.64
Hailo-8,object_detection,detr_resnet_v1_18_bn,800x800x3,30.5,75.4,32.42,61.87
Hailo-8,object_detection,efficientdet_lite0,320x320x3,108.0,296.0,3.56,1.94
Hailo-8,object_detection,efficientdet_lite1,384x384x3,76.8,223.0,4.73,4
Hailo-8,object_detection,efficientdet_lite2,448x448x3,50.1,141.0,5.93,6.84
Hailo-8,object_detection,nanodet_repvgg,416x416x3,1261.0,1261.0,6.74,11.28
Hailo-8,object_detection,nanodet_repvgg_a12,640x640x3,439.0,439.0,5.13,28.23
Hailo-8,object_detection,nanodet_repvgg_a1_640,640x640x3,411.0,411.0,10.79,42.8
Hailo-8,object_detection,ssd_mobilenet_v1⭐,300x300x3,1015.0,1015.0,6.79,2.5
Hailo-8,object_detection,ssd_mobilenet_v2,300x300x3,784.0,784.0,4.46,1.52
Hailo-8,object_detection,tiny_yolov3,416x416x3,1044.0,1044.0,8.85,5.58
Hailo-8,object_detection,tiny_yolov4,416x416x3,1472.0,1472.0,6.05,6.92
Hailo-8,object_detection,yolo26m,640x640x3,48.7,95.2,20.4,68.4
Hailo-8,object_detection,yolo26n,640x640x3,155.0,427.0,2.4,5.5
Hailo-8,object_detection,yolo26s,640x640x3,97.8,263.0,9.5,20.9
Hailo-8,object_detection,yolov10b⭐,640x640x3,43.8,99.1,20.15,92.09
Hailo-8,object_detection,yolov10n⭐,640x640x3,194.0,567.0,2.3,6.8
Hailo-8,object_detection,yolov10s⭐,640x640x3,117.0,283.0,7.2,21.7
Hailo-8,object_detection,yolov10x⭐,640x640x3,22.8,45.1,31.72,160.56
Hailo-8,object_detection,yolov11l⭐,640x640x3,38.0,82.6,25.3,87.17
Hailo-8,object_detection,yolov11m⭐,640x640x3,50.2,102.0,20.1,68.1
Hailo-8,object_detection,yolov11n⭐,640x640x3,185.0,541.0,2.6,6.55
Hailo-8,object_detection,yolov11s⭐,640x640x3,111.0,303.0,9.4,21.6
Hailo-8,object_detection,yolov11x⭐,640x640x3,18.3,34.1,56.9,195.29
Hailo-8,object_detection,yolov12n,640x640x3,46.2,150.0,2.6,7.5
Hailo-8,object_detection,yolov3,608x608x3,37.7,69.8,68.79,158.10
Hailo-8,object_detection,yolov3_416,416x416x3,47.8,97.2,61.92,65.94
Hailo-8,object_detection,yolov3_gluon,608x608x3,38.1,62.5,68.79,140.7
Hailo-8,object_detection,yolov3_gluon_416,416x416x3,49.0,104.0,61.92,65.94
Hailo-8,object_detection,yolov4_leaky,512x512x3,43.3,100.0,64.33,91.04
Hailo-8,object_detection,yolov5m⭐,640x640x3,156.0,156.0,21.78,52.17
Hailo-8,object_detection,yolov5m6_6.1,1280x1280x3,33.4,50.1,35.70,200.04
Hailo-8,object_detection,yolov5m_6.1,640x640x3,78.2,143.0,21.17,48.96
Hailo-8,object_detection,yolov5m_wo_spp⭐,640x640x3,242.0,242.0,22.67,52.88
Hailo-8,object_detection,yolov5s⭐,640x640x3,543.0,543.0,7.46,17.44
Hailo-8,object_detection,yolov5s_bbox_decoding_only,640x640x3,543.0,543.0,7.46,17.44
Hailo-8,object_detection,yolov5s_c3tr,640x640x3,456.0,456.0,10.29,17.02
Hailo-8,object_detection,yolov5s_wo_spp,640x640x3,633.0,633.0,7.85,17.74
Hailo-8,object_detection,yolov5xs_wo_spp,512x512x3,1139.0,1139.0,7.85,11.36
Hailo-8,object_detection,yolov5xs_wo_spp_nms_core,512x512x3,100.0,,7.85,11.36
Hailo-8,object_detection,yolov6n⭐,640x640x3,1250.0,1250.0,4.32,11.12
Hailo-8,object_detection,yolov6n_0.2.1,640x640x3,1256.0,1256.0,4.33,11.06
Hailo-8,object_detection,yolov6n_0.2.1_nms_core,640x640x3,237.0,237.0,4.32,11.12
Hailo-8,object_detection,yolov7⭐,640x640x3,54.9,99.6,36.91,104.51
Hailo-8,object_detection,yolov7_tiny,640x640x3,633.0,633.0,6.22,13.74
Hailo-8,object_detection,yolov7e6,1280x1280x3,11.4,16.0,97.20,515.12
Hailo-8,object_detection,yolov7x⭐,640x640x3,31.0,58.7,71.46,189.68
Hailo-8,object_detection,yolov8l⭐,640x640x3,36.2,64.5,43.7,165.3
Hailo-8,object_detection,yolov8m⭐,640x640x3,66.9,149.0,25.9,78.93
Hailo-8,object_detection,yolov8n⭐,640x640x3,1036.0,1036.0,3.2,8.74
Hailo-8,object_detection,yolov8s⭐,640x640x3,491.0,491.0,11.2,28.6
Hailo-8,object_detection,yolov8s_bbox_decoding_only,640x640x3,491.0,491.0,11.2,28.6
Hailo-8,object_detection,yolov8x⭐,640x640x3,24.6,40.6,68.2,258
Hailo-8,object_detection,yolov9c⭐,640x640x3,44.8,88.7,25.3,102.1
Hailo-8,object_detection,yolox_l_leaky,640x640x3,41.1,74.7,54.17,155.3
Hailo-8,object_detection,yolox_s_leaky,640x640x3,385.0,385.0,8.96,26.74
Hailo-8,object_detection,yolox_s_wide_leaky,640x640x3,76.9,131.0,20.12,59.46
Hailo-8,object_detection,yolox_tiny,416x416x3,742.0,742.0,5.05,6.44
