vendor,chip,chip_tops,model,task,input_size,precision,metric,value,unit,runtime,source_url,notes
Hailo,Hailo-8,26,cas_vit_m,classification,384x384x3,,fps,157,fps,Hailo Dataflow Compiler v2.19.0,https://raw.githubusercontent.com/hailo-ai/hailo_model_zoo/master/docs/public_models/HAILO8/HAILO8_classification.rst,batch size 8; Intel Core i5-9400 host; precision not stated in table; model zoo table
Hailo,Hailo-8,26,cas_vit_s,classification,384x384x3,,fps,225,fps,Hailo Dataflow Compiler v2.19.0,https://raw.githubusercontent.com/hailo-ai/hailo_model_zoo/master/docs/public_models/HAILO8/HAILO8_classification.rst,batch size 8; Intel Core i5-9400 host; precision not stated in table; model zoo table
Hailo,Hailo-8,26,cas_vit_t,classification,384x384x3,,fps,95.9,fps,Hailo Dataflow Compiler v2.19.0,https://raw.githubusercontent.com/hailo-ai/hailo_model_zoo/master/docs/public_models/HAILO8/HAILO8_classification.rst,batch size 8; Intel Core i5-9400 host; precision not stated in table; model zoo table
Hailo,Hailo-8,26,davit_tiny,classification,224x224x3,,fps,54.4,fps,Hailo Dataflow Compiler v2.19.0,https://raw.githubusercontent.com/hailo-ai/hailo_model_zoo/master/docs/public_models/HAILO8/HAILO8_classification.rst,batch size 8; Intel Core i5-9400 host; precision not stated in table; model zoo table
Hailo,Hailo-8,26,deit_base,classification,224x224x3,,fps,107,fps,Hailo Dataflow Compiler v2.19.0,https://raw.githubusercontent.com/hailo-ai/hailo_model_zoo/master/docs/public_models/HAILO8/HAILO8_classification.rst,batch size 8; Intel Core i5-9400 host; precision not stated in table; model zoo table
Hailo,Hailo-8,26,deit_small,classification,224x224x3,,fps,309,fps,Hailo Dataflow Compiler v2.19.0,https://raw.githubusercontent.com/hailo-ai/hailo_model_zoo/master/docs/public_models/HAILO8/HAILO8_classification.rst,batch size 8; Intel Core i5-9400 host; precision not stated in table; model zoo table
Hailo,Hailo-8,26,deit_tiny,classification,224x224x3,,fps,406,fps,Hailo Dataflow Compiler v2.19.0,https://raw.githubusercontent.com/hailo-ai/hailo_model_zoo/master/docs/public_models/HAILO8/HAILO8_classification.rst,batch size 8; Intel Core i5-9400 host; precision not stated in table; model zoo table
Hailo,Hailo-8,26,efficientformer_l1,classification,224x224x3,,fps,277,fps,Hailo Dataflow Compiler v2.19.0,https://raw.githubusercontent.com/hailo-ai/hailo_model_zoo/master/docs/public_models/HAILO8/HAILO8_classification.rst,batch size 8; Intel Core i5-9400 host; precision not stated in table; model zoo table
Hailo,Hailo-8,26,efficientnet_l,classification,300x300x3,,fps,221,fps,Hailo Dataflow Compiler v2.19.0,https://raw.githubusercontent.com/hailo-ai/hailo_model_zoo/master/docs/public_models/HAILO8/HAILO8_classification.rst,batch size 8; Intel Core i5-9400 host; precision not stated in table; model zoo table
Hailo,Hailo-8,26,efficientnet_lite0,classification,224x224x3,,fps,1952,fps,Hailo Dataflow Compiler v2.19.0,https://raw.githubusercontent.com/hailo-ai/hailo_model_zoo/master/docs/public_models/HAILO8/HAILO8_classification.rst,batch size 8; Intel Core i5-9400 host; precision not stated in table; model zoo table
Hailo,Hailo-8,26,efficientnet_lite1,classification,240x240x3,,fps,1668,fps,Hailo Dataflow Compiler v2.19.0,https://raw.githubusercontent.com/hailo-ai/hailo_model_zoo/master/docs/public_models/HAILO8/HAILO8_classification.rst,batch size 8; Intel Core i5-9400 host; precision not stated in table; model zoo table
Hailo,Hailo-8,26,efficientnet_lite2,classification,260x260x3,,fps,977,fps,Hailo Dataflow Compiler v2.19.0,https://raw.githubusercontent.com/hailo-ai/hailo_model_zoo/master/docs/public_models/HAILO8/HAILO8_classification.rst,batch size 8; Intel Core i5-9400 host; precision not stated in table; model zoo table
Hailo,Hailo-8,26,efficientnet_lite3,classification,280x280x3,,fps,512,fps,Hailo Dataflow Compiler v2.19.0,https://raw.githubusercontent.com/hailo-ai/hailo_model_zoo/master/docs/public_models/HAILO8/HAILO8_classification.rst,batch size 8; Intel Core i5-9400 host; precision not stated in table; model zoo table
Hailo,Hailo-8,26,efficientnet_lite4,classification,300x300x3,,fps,273,fps,Hailo Dataflow Compiler v2.19.0,https://raw.githubusercontent.com/hailo-ai/hailo_model_zoo/master/docs/public_models/HAILO8/HAILO8_classification.rst,batch size 8; Intel Core i5-9400 host; precision not stated in table; model zoo table
Hailo,Hailo-8,26,efficientnet_m,classification,240x240x3,,fps,984,fps,Hailo Dataflow Compiler v2.19.0,https://raw.githubusercontent.com/hailo-ai/hailo_model_zoo/master/docs/public_models/HAILO8/HAILO8_classification.rst,batch size 8; Intel Core i5-9400 host; precision not stated in table; model zoo table
Hailo,Hailo-8,26,yolov5s,object_detection,640x640x3,,fps,543,fps,Hailo Dataflow Compiler v2.19.0,https://raw.githubusercontent.com/hailo-ai/hailo_model_zoo/master/docs/public_models/HAILO8/HAILO8_object_detection.rst,batch size 1; Intel Core i5-9400 host; precision not stated in table; model zoo table
Hailo,Hailo-8,26,yolov5s,object_detection,640x640x3,,fps,543,fps,Hailo Dataflow Compiler v2.19.0,https://raw.githubusercontent.com/hailo-ai/hailo_model_zoo/master/docs/public_models/HAILO8/HAILO8_object_detection.rst,batch size 8; Intel Core i5-9400 host; precision not stated in table; model zoo table
Hailo,Hailo-8,26,yolov8s,object_detection,640x640x3,,fps,491,fps,Hailo Dataflow Compiler v2.19.0,https://raw.githubusercontent.com/hailo-ai/hailo_model_zoo/master/docs/public_models/HAILO8/HAILO8_object_detection.rst,batch size 1; Intel Core i5-9400 host; precision not stated in table; model zoo table
Hailo,Hailo-8,26,yolov8s,object_detection,640x640x3,,fps,491,fps,Hailo Dataflow Compiler v2.19.0,https://raw.githubusercontent.com/hailo-ai/hailo_model_zoo/master/docs/public_models/HAILO8/HAILO8_object_detection.rst,batch size 8; Intel Core i5-9400 host; precision not stated in table; model zoo table
Hailo,Hailo-8,26,yolov8m,object_detection,640x640x3,,fps,66.9,fps,Hailo Dataflow Compiler v2.19.0,https://raw.githubusercontent.com/hailo-ai/hailo_model_zoo/master/docs/public_models/HAILO8/HAILO8_object_detection.rst,batch size 1; Intel Core i5-9400 host; precision not stated in table; model zoo table
Hailo,Hailo-8,26,yolov8m,object_detection,640x640x3,,fps,149,fps,Hailo Dataflow Compiler v2.19.0,https://raw.githubusercontent.com/hailo-ai/hailo_model_zoo/master/docs/public_models/HAILO8/HAILO8_object_detection.rst,batch size 8; Intel Core i5-9400 host; precision not stated in table; model zoo table
Hailo,Hailo-8,26,yolox_s_leaky,object_detection,640x640x3,,fps,385,fps,Hailo Dataflow Compiler v2.19.0,https://raw.githubusercontent.com/hailo-ai/hailo_model_zoo/master/docs/public_models/HAILO8/HAILO8_object_detection.rst,batch size 1; Intel Core i5-9400 host; precision not stated in table; model zoo table
Hailo,Hailo-8,26,yolox_s_leaky,object_detection,640x640x3,,fps,385,fps,Hailo Dataflow Compiler v2.19.0,https://raw.githubusercontent.com/hailo-ai/hailo_model_zoo/master/docs/public_models/HAILO8/HAILO8_object_detection.rst,batch size 8; Intel Core i5-9400 host; precision not stated in table; model zoo table
Hailo,Hailo-8,26,ssd_mobilenet_v1,object_detection,300x300x3,,fps,1015,fps,Hailo Dataflow Compiler v2.19.0,https://raw.githubusercontent.com/hailo-ai/hailo_model_zoo/master/docs/public_models/HAILO8/HAILO8_object_detection.rst,batch size 1; Intel Core i5-9400 host; precision not stated in table; model zoo table
Hailo,Hailo-8,26,ssd_mobilenet_v1,object_detection,300x300x3,,fps,1015,fps,Hailo Dataflow Compiler v2.19.0,https://raw.githubusercontent.com/hailo-ai/hailo_model_zoo/master/docs/public_models/HAILO8/HAILO8_object_detection.rst,batch size 8; Intel Core i5-9400 host; precision not stated in table; model zoo table
Hailo,Hailo-8,26,yolov7,object_detection,640x640x3,,fps,54.9,fps,Hailo Dataflow Compiler v2.19.0,https://raw.githubusercontent.com/hailo-ai/hailo_model_zoo/master/docs/public_models/HAILO8/HAILO8_object_detection.rst,batch size 1; Intel Core i5-9400 host; precision not stated in table; model zoo table
Hailo,Hailo-8,26,yolov7,object_detection,640x640x3,,fps,99.6,fps,Hailo Dataflow Compiler v2.19.0,https://raw.githubusercontent.com/hailo-ai/hailo_model_zoo/master/docs/public_models/HAILO8/HAILO8_object_detection.rst,batch size 8; Intel Core i5-9400 host; precision not stated in table; model zoo table
Hailo,Hailo-8L,13,ssd_mobilenet_v1,object_detection,300x300x3,,fps,356,fps,Hailo Dataflow Compiler v2.19.0,https://raw.githubusercontent.com/hailo-ai/hailo_model_zoo/master/docs/public_models/HAILO8L/HAILO8L_object_detection.rst,batch size 1; Intel Core i5-9400 host; precision not stated in table; model zoo table
Hailo,Hailo-8L,13,ssd_mobilenet_v1,object_detection,300x300x3,,fps,356,fps,Hailo Dataflow Compiler v2.19.0,https://raw.githubusercontent.com/hailo-ai/hailo_model_zoo/master/docs/public_models/HAILO8L/HAILO8L_object_detection.rst,batch size 8; Intel Core i5-9400 host; precision not stated in table; model zoo table
Hailo,Hailo-8L,13,yolov5s,object_detection,640x640x3,,fps,124,fps,Hailo Dataflow Compiler v2.19.0,https://raw.githubusercontent.com/hailo-ai/hailo_model_zoo/master/docs/public_models/HAILO8L/HAILO8L_object_detection.rst,batch size 1; Intel Core i5-9400 host; precision not stated in table; model zoo table
Hailo,Hailo-8L,13,yolov5s,object_detection,640x640x3,,fps,243,fps,Hailo Dataflow Compiler v2.19.0,https://raw.githubusercontent.com/hailo-ai/hailo_model_zoo/master/docs/public_models/HAILO8L/HAILO8L_object_detection.rst,batch size 8; Intel Core i5-9400 host; precision not stated in table; model zoo table
Hailo,Hailo-8L,13,yolox_s_leaky,object_detection,640x640x3,,fps,109,fps,Hailo Dataflow Compiler v2.19.0,https://raw.githubusercontent.com/hailo-ai/hailo_model_zoo/master/docs/public_models/HAILO8L/HAILO8L_object_detection.rst,batch size 1; Intel Core i5-9400 host; precision not stated in table; model zoo table
Hailo,Hailo-8L,13,yolox_s_leaky,object_detection,640x640x3,,fps,199,fps,Hailo Dataflow Compiler v2.19.0,https://raw.githubusercontent.com/hailo-ai/hailo_model_zoo/master/docs/public_models/HAILO8L/HAILO8L_object_detection.rst,batch size 8; Intel Core i5-9400 host; precision not stated in table; model zoo table
Hailo,Hailo-8L,13,yolov8s,object_detection,640x640x3,,fps,110,fps,Hailo Dataflow Compiler v2.19.0,https://raw.githubusercontent.com/hailo-ai/hailo_model_zoo/master/docs/public_models/HAILO8L/HAILO8L_object_detection.rst,batch size 1; Intel Core i5-9400 host; precision not stated in table; model zoo table
Hailo,Hailo-8L,13,yolov8s,object_detection,640x640x3,,fps,208,fps,Hailo Dataflow Compiler v2.19.0,https://raw.githubusercontent.com/hailo-ai/hailo_model_zoo/master/docs/public_models/HAILO8L/HAILO8L_object_detection.rst,batch size 8; Intel Core i5-9400 host; precision not stated in table; model zoo table
Hailo,Hailo-8L,13,yolov8m,object_detection,640x640x3,,fps,51.0,fps,Hailo Dataflow Compiler v2.19.0,https://raw.githubusercontent.com/hailo-ai/hailo_model_zoo/master/docs/public_models/HAILO8L/HAILO8L_object_detection.rst,batch size 1; Intel Core i5-9400 host; precision not stated in table; model zoo table
Hailo,Hailo-8L,13,yolov8m,object_detection,640x640x3,,fps,87.0,fps,Hailo Dataflow Compiler v2.19.0,https://raw.githubusercontent.com/hailo-ai/hailo_model_zoo/master/docs/public_models/HAILO8L/HAILO8L_object_detection.rst,batch size 8; Intel Core i5-9400 host; precision not stated in table; model zoo table
Hailo,Hailo-10H,40,yolov5s,object_detection,640x640x3,,fps,250,fps,Hailo Dataflow Compiler v5.4.0,https://raw.githubusercontent.com/hailo-ai/hailo_model_zoo/master/docs/public_models/HAILO10H/HAILO10H_object_detection.rst,batch size 1; Intel Core i5-9400 host; precision not stated in table; model zoo table
Hailo,Hailo-10H,40,yolov5s,object_detection,640x640x3,,fps,296,fps,Hailo Dataflow Compiler v5.4.0,https://raw.githubusercontent.com/hailo-ai/hailo_model_zoo/master/docs/public_models/HAILO10H/HAILO10H_object_detection.rst,batch size 8; Intel Core i5-9400 host; precision not stated in table; model zoo table
Hailo,Hailo-10H,40,yolov8s,object_detection,640x640x3,,fps,166,fps,Hailo Dataflow Compiler v5.4.0,https://raw.githubusercontent.com/hailo-ai/hailo_model_zoo/master/docs/public_models/HAILO10H/HAILO10H_object_detection.rst,batch size 1; Intel Core i5-9400 host; precision not stated in table; model zoo table
Hailo,Hailo-10H,40,yolov8s,object_detection,640x640x3,,fps,252,fps,Hailo Dataflow Compiler v5.4.0,https://raw.githubusercontent.com/hailo-ai/hailo_model_zoo/master/docs/public_models/HAILO10H/HAILO10H_object_detection.rst,batch size 8; Intel Core i5-9400 host; precision not stated in table; model zoo table
Hailo,Hailo-10H,40,yolov8m,object_detection,640x640x3,,fps,76.2,fps,Hailo Dataflow Compiler v5.4.0,https://raw.githubusercontent.com/hailo-ai/hailo_model_zoo/master/docs/public_models/HAILO10H/HAILO10H_object_detection.rst,batch size 1; Intel Core i5-9400 host; precision not stated in table; model zoo table
Hailo,Hailo-10H,40,yolov8m,object_detection,640x640x3,,fps,132,fps,Hailo Dataflow Compiler v5.4.0,https://raw.githubusercontent.com/hailo-ai/hailo_model_zoo/master/docs/public_models/HAILO10H/HAILO10H_object_detection.rst,batch size 8; Intel Core i5-9400 host; precision not stated in table; model zoo table
Hailo,Hailo-10H,40,yolox_s_leaky,object_detection,640x640x3,,fps,199,fps,Hailo Dataflow Compiler v5.4.0,https://raw.githubusercontent.com/hailo-ai/hailo_model_zoo/master/docs/public_models/HAILO10H/HAILO10H_object_detection.rst,batch size 1; Intel Core i5-9400 host; precision not stated in table; model zoo table
Hailo,Hailo-10H,40,yolox_s_leaky,object_detection,640x640x3,,fps,233,fps,Hailo Dataflow Compiler v5.4.0,https://raw.githubusercontent.com/hailo-ai/hailo_model_zoo/master/docs/public_models/HAILO10H/HAILO10H_object_detection.rst,batch size 8; Intel Core i5-9400 host; precision not stated in table; model zoo table
