vendor,chip,cpu,cpu_cores,gpu,npu_tops_int8,npu_tops_fp16,mem_type,mem_bandwidth_gbps,process_nm,source_url,notes
Rockchip,RK1808,Dual Cortex-A35 @1.6GHz,2,,,,LPDDR3 (TB-96AIOT SoM options),,22,https://raw.githubusercontent.com/96boards/documentation/master/som/tb-96aiot/getting-started/README.md,"Source is TB-96AIOT SoM page; process listed as 22nm FD-SOI; NPU 'up to 3.0TOPS' with 8bit/16bit support, precision not explicitly labeled so INT8 left empty; memory is SoM option not chip limit"
Rockchip,RK3562,Quad Cortex-A53 up to 2.0GHz,4,Mali-G52 2EE (ARM G52 2EE),,,LPDDR4/LPDDR4X/DDR4/DDR3/DDR3L/LPDDR3,,,https://raw.githubusercontent.com/Firefly-docs/soc-docs/master/en/Rockchip/RK3562J/rk3562j.md,Source page is RK3562J (industrial variant); NPU 1TOPS (stated '1TOPS NPU'; precision not labeled so INT8 left empty); peak figure
Rockchip,RK3566/RK3568,Quad Cortex-A55 (up to 1.8GHz on RK3566 CM3 / up to 2.0GHz on RK3568),4,Mali-G52 2EE,1,,LPDDR4/LPDDR4X/DDR4/DDR3/DDR3L/LPDDR3,,,https://raw.githubusercontent.com/Firefly-docs/soc-docs/master/en/Rockchip/RK3566/rk3566.md | https://raw.githubusercontent.com/Firefly-docs/soc-docs/master/en/Rockchip/RK3568/rk3568.md | https://raw.githubusercontent.com/radxa-docs/docs/main/docs/som/cm/cm3/getting-started/introduction.md,1 TOPS@INT8 from Radxa CM3 (RK3566) page = vendor peak; Firefly RK3566/RK3568 pages also state 1TOPS NPU; RK3566 and RK3568 differ in max CPU freq (1.8 vs 2.0GHz in sources); bandwidth/process not stated
Rockchip,RK3576,"Quad Cortex-A72 + Quad Cortex-A53, up to 2.2GHz",8,Mali-G52 MC3,6,,32-bit LPDDR4/LPDDR4X/LPDDR5,22,,https://raw.githubusercontent.com/Firefly-docs/soc-docs/master/en/Rockchip/RK3576/rk3576.md | https://raw.githubusercontent.com/radxa-docs/docs/main/docs/som/cm/cm4/README.md | https://raw.githubusercontent.com/radxa-docs/docs/main/docs/som/nx/nx4/README.md,"6 TOPS@INT8 is vendor peak (Radxa CM4/NX4; Firefly marks 6TOPS with asterisk, not stated if multi-core combined); bandwidth COMPUTED = 32-bit x 5500 MT/s / 8 = 22 GB/s using Radxa NX4 module LPDDR5 max rate (module spec, theoretical peak); process not stated"
Rockchip,RK3588,Quad Cortex-A76 + Quad Cortex-A55,8,Mali-G610 MC4,,,"LPDDR5 (ROCK 5 ITX board, 64-bit)",44,8,https://raw.githubusercontent.com/Firefly-docs/soc-docs/master/en/Rockchip/RK3588/rk3588.md | https://raw.githubusercontent.com/radxa-docs/docs/main/docs/rock5/rock5itx/getting-started/introduction.md | https://raw.githubusercontent.com/radxa-docs/docs/main/docs/rock5/rock5b/getting-started/introduction.md,"NPU '6TOPS NPU, triple core, int4/int8/int16/FP16/BF16/TF32' = vendor peak, multi-core combined; precision for the 6 TOPS figure not labeled so INT8 left empty; bandwidth COMPUTED = 64-bit x 5500 MT/s / 8 = 44 GB/s from ROCK 5 ITX board spec (theoretical peak, board config not chip limit); process 8nm per Firefly page"
Rockchip,RV1109,Dual Cortex-A7 + RISC-V MCU,2,,,,DDR3 (Core-1109-JD4 SoM),,,https://raw.githubusercontent.com/Firefly-docs/products-docs/master/en/System%20on%20Module/Core-1126-JD4/interface_definition.md,"NPU '1.2Tops, support INT8/INT16' from Firefly Core-1109-JD4 SoM page (precision of headline figure ambiguous so INT8 left empty); memory is SoM config"
Rockchip,RV1126,Quad Cortex-A7 + RISC-V MCU,4,,,,DDR4 (Core-1126-JD4 SoM),,,https://raw.githubusercontent.com/Firefly-docs/products-docs/master/en/System%20on%20Module/Core-1126-JD4/interface_definition.md,"NPU '2.0Tops, support INT8/INT16' from Firefly Core-1126-JD4 SoM page (precision of headline figure ambiguous so INT8 left empty); memory is SoM config"
Rockchip,RV1126B,Quad Cortex-A53 + MCU,4,,,,32-bit DDR3L/DDR4/LPDDR3/LPDDR4/LPDDR4X,,,https://raw.githubusercontent.com/Firefly-docs/soc-docs/master/en/Rockchip/RV1126B/rv1126b.md,NPU '3 TOPS' (precision not labeled so INT8 left empty); GPU: source lists only 2D Graphics Engine; mem list as printed ('LP3/LP4/LPAX')
Sophgo,BM1684,,,,16,,,,,https://raw.githubusercontent.com/sophgo/sophon-tools/master/source/pbmssm/pkg/metrics/chip_capacity.go,INT8 16 TOPS from sophon-tools code comment/table (bmlib Chipid table); weak: same value is also the default for unknown chips; no FP16 given
Sophgo,BM1684X,,,,32,,,,,https://raw.githubusercontent.com/sophgo/sophon-tools/master/source/pbmssm/pkg/metrics/chip_capacity.go,INT8 32 TOPS from sophon-tools code comment (bmlib Chipid 0x1686); FP16 in that file is derived (INT8/4) so not used
Sophgo,BM1688,,,,16,,,,,https://raw.githubusercontent.com/sophgo/sophon-tools/master/source/pbmssm/pkg/metrics/chip_capacity.go,INT8 16 TOPS from sophon-tools code comment (0x1688); FP16 in that file is derived so not used
Sophgo,CV186X,,,,,,,,,,no spec found on GitHub (sophon-tools default fallback value not used)
Sophgo,CV84X6,,,,64,32,,,,https://raw.githubusercontent.com/sophgo/sophon-tools/master/source/pbmssm/pkg/metrics/chip_capacity.go,INT8/FP8 64 TOPS and FP16 32 TFLOPS marked 'official spec table 2026-08-27' in sophon-tools code comments; CV84X2 is same chip per that file
Sophgo,SC7-224T,,,,,,,,,,only identified as an SC7-series (BM1684X PCIe card family per sophon-demo InternVL2/Vila README); model-specific spec not found
Sophgo,SC7-HP75,,,,,,,,,,only identified as SC7-series (BM1684X card family per sophon-demo); model-specific spec not found
Sophgo,SRM1-20,,,,,,,,,,spec not found; appears only as a benchmark platform label in sophon-demo
Axera,AX615,,,,,,,,,,only listed as supported in ax-samples README; no spec found
Axera,AX620Q,2x Cortex-A53 @1.2GHz,2,,2.4,,"LPDDR4X (256MiB SIP, AXera-Pi Zero board)",,,https://raw.githubusercontent.com/AXERA-TECH/axera-pi-zero-docs-en/main/source/doc_introduction.md,AI capability 2.4TOPs@INT8 / 9.6TOPs@INT4 per AXera-Pi Zero page (vendor peak)
Axera,AX630C,2x Cortex-A53 @1.2GHz,2,,3.2,,"LPDDR4X (4GiB, AXera-Pi 2 board)",,,https://raw.githubusercontent.com/AXERA-TECH/axera-pi2-docs/main/source/doc_introduction.md,AI capability 3.2TOPs@INT8 / 12.8TOPs@INT4 per AXera-Pi 2 page (vendor peak)
Axera,AX637/AX8910,,,,,,,,,https://raw.githubusercontent.com/AXERA-TECH/awesome-docs/master/source/01_overview/product_panorama.md,AX8910 listed as '12TOPS' (precision not stated so INT8 left empty); AX637 not mentioned in source
Axera,AX650,8x Cortex-A55 @1.7GHz,8,,18,,64-bit LPDDR4x,,,https://raw.githubusercontent.com/AXERA-TECH/awesome-docs/master/source/08_3rdparty_hardware/sipeed.md | https://raw.githubusercontent.com/AXERA-TECH/awesome-docs/master/source/01_overview/product_panorama.md,Sipeed M4N-Dock says AX650N (=AX8850N platform): 72 TOPS@INT4 / 18 TOPS@INT8 (vendor peak); AX650N variant only
Axera,AX650/AX8850,8x Cortex-A55 up to 1.5GHz (Radxa AX-M1) / @1.7GHz (M5Stack),8,,24,,64-bit LPDDR4x 4266 Mbps (M5Stack AI Pyramid Pro),34.128,,https://raw.githubusercontent.com/AXERA-TECH/awesome-docs/master/source/01_overview/product_panorama.md | https://raw.githubusercontent.com/AXERA-TECH/awesome-docs/master/source/08_3rdparty_hardware/m5stack.md | https://raw.githubusercontent.com/AXERA-TECH/awesome-docs/master/source/08_3rdparty_hardware/radxa.md,"AX8850 24 TOPS@INT8 vendor peak; bandwidth COMPUTED = 64-bit x 4266 Mbps / 8 = 34.128 GB/s from M5Stack board spec (theoretical peak, board config); AX8850N variant is 18 TOPS@INT8"
