vendor,chip,cpu,cpu_cores,gpu,npu_tops_int8,npu_tops_fp16,mem_type,mem_bandwidth_gbps,process_nm,source_url,notes
Hailo,Hailo-8,,,,26,,"On-chip memory, no external DRAM",,,https://hailo.ai/products/ai-accelerators/hailo-8-ai-accelerator/ | https://raw.githubusercontent.com/raspberrypi/documentation/master/documentation/asciidoc/accessories/ai-hat-plus/about.adoc,"26 TOPS peak (hailo.ai: ""up to 26 TOPS""; INT8 per Raspberry Pi doc ""Hailo-8 (26 TOPS, INT8)""); typical power 2.5 W; process node not stated on fetched pages; bandwidth not stated (all memory integrated on die)"
Hailo,Hailo-8L,,,,13,,"On-chip memory, no external DRAM",,,https://hailo.ai/products/ai-accelerators/hailo-8l-ai-accelerator-for-ai-light-applications/ | https://raw.githubusercontent.com/raspberrypi/documentation/master/documentation/asciidoc/accessories/ai-hat-plus/about.adoc,"13 TOPS peak (hailo.ai ""up to 13 TOPS""; INT8 per Raspberry Pi doc ""Hailo-8L (13 TOPS, INT8)""); typical power 1.5 W; process node and bandwidth not stated"
Hailo,Hailo-10H,,,,20,,"LPDDR4/4X (external, direct DDR interface)",,,https://hailo.ai/products/ai-accelerators/hailo-10h-ai-accelerator/ | https://raw.githubusercontent.com/raspberrypi/documentation/master/documentation/asciidoc/accessories/ai-hat-plus/about.adoc,"TOPS precision: hailo.ai lists ""40|20 TOPS (INT4|8)"" so 40 TOPS is INT4 and 20 TOPS is INT8 (Raspberry Pi doc also says 40 TOPS, INT4); do not compare 40 with INT8 figures of Hailo-8/8L; typical power 2.5 W; process node and bandwidth not stated"
Huawei Ascend,Ascend 310P3,,,,140,70,LPDDR4X,204,,https://flopper.io/gpu/huawei-atlas-300i-duo-96gb,"Third-party aggregator (Flopper.io) page for Atlas 300I Duo card (2x Ascend 310P): card 280 TOPS INT8 / 140 TFLOPS FP16, 408 GB/s total (stated as Huawei figure); per-chip values DERIVED as card/2 (140 TOPS, 70 TFLOPS, 204 GB/s); page notes per-chip equals the single-chip Atlas 300I Pro figures; not a Huawei datasheet (Huawei support pages returned 403); process and CPU not fetched"
Huawei Ascend,Ascend 310B1,,,,,,,,,,"gap: no 310B1-specific source fetched (Huawei pages 403; Flopper only lists Atlas 200I A2 modules built on Ascend 310B, bins 8 and 20 TOPS INT8, not the 310B1 part)"
Huawei Ascend,Ascend 910,,,,512,256,HBM2E (4 stacks),1200,7 (TSMC N7+ EUV),https://en.wikipedia.org/wiki/Huawei_Ascend_(chip),"Wikipedia (HiSilicon article): 512 TOPS INT8, 256 TFLOPS FP16, 4x HBM2E 1.2 TB/s (=1200 GB/s, as stated), 32 Da Vinci Max cores, 350 W; CPU not listed"
Huawei Ascend,Ascend 910B,,,,,,,,7 (SMIC N+1),https://en.wikipedia.org/wiki/Huawei_Ascend_(chip),"Wikipedia: made by SMIC on 7nm N+1, 25 DaVinci AI cores, ""very different from Ascend 910""; no TOPS, memory or bandwidth given"
Cambricon,MLU270,,,,128,,"DDR4 16 GB ECC, 256-bit",102,,https://www.cambricon.com/index.php?m=content&c=index&a=lists&catid=36,"Cambricon MLU270-S4 product page (Chinese): INT8 128 TOPS (footnote: 1024-based, actual 131 TOPS), INT4 256, INT16 64; bandwidth 102 GB/s vendor-stated; 70 W; FP16 supported but TOPS not stated; process not stated on page"
Cambricon,MLU370,,,,256,96,LPDDR5 24 GB,307.2,7,https://www.cambricon.com/index.php?m=content&c=index&a=lists&catid=371 | https://www.cambricon.com/index.php?m=content&c=index&a=lists&catid=406,"Values are for one MLU370 chip as on the MLU370-X4 card page (single chip, 150 W); FP16 is 96 TFLOPS; MLU370-X8 is dual-chip with 48 GB LPDDR5 614.4 GB/s total and the same 256 TOPS INT8 / 96 TFLOPS listing; bandwidth vendor-stated"
Cambricon,MLU590,,,,,,,,,,"gap: no Cambricon-published or reliable spec page fetched (search found only unofficial estimates, not fetched)"
Qualcomm,Snapdragon 8 Gen 2 (Hexagon NPU),Kryo: 1 Prime up to 3.36 GHz + 4 Performance up to 2.8 GHz + 3 Efficiency up to 2.0 GHz,8,Adreno 740,,,LPDDR5X up to 4200 MHz,67.2,4,https://www.qualcomm.com/content/dam/qcomm-martech/dm-assets/documents/Snapdragon-8-Gen-2-Product-Brief.pdf | https://en.wikipedia.org/wiki/List_of_Qualcomm_Snapdragon_systems_on_chips,"NPU TOPS not stated in product brief or Wikipedia; bandwidth 67.2 GB/s per Wikipedia (quad 16-bit = 64-bit bus at 4200 MHz, double data rate: 4200x2x64/8); Wikipedia SM8550-AB lists prime at 3.19 GHz, brief says up to 3.36 GHz"
Qualcomm,Snapdragon 8 Gen 3 (Hexagon NPU),Kryo: 1 Prime up to 3.4 GHz + 5 Performance up to 3.2 GHz + 2 Efficiency up to 2.3 GHz,8,Adreno 750,,,LPDDR5X up to 4800 MHz,76.8,4,https://docs.qualcomm.com/doc/87-71408-1/87-71408-1_REV_G_Snapdragon_8_gen_3_Mobile_Platform_Product_Brief.pdf | https://en.wikipedia.org/wiki/List_of_Qualcomm_Snapdragon_systems_on_chips,"NPU TOPS not stated in product brief or Wikipedia; bandwidth 76.8 GB/s per Wikipedia (64-bit bus, 4800 MHz DDR: 4800x2x64/8)"
Qualcomm,Snapdragon 8 Elite (Hexagon NPU),Oryon: 2 Prime up to 4.32 GHz + 6 Performance up to 3.53 GHz,8,Adreno 830,,,LPDDR5X up to 5300 MHz,84.8,3,https://www.qualcomm.com/content/dam/qcomm-martech/dm-assets/documents/Snapdragon-8-Elite-SM8750-3-AB-Product-Brief.pdf | https://en.wikipedia.org/wiki/List_of_Qualcomm_Snapdragon_systems_on_chips,"NPU TOPS not stated; CPU/GPU from Wikipedia SM8750-AB (8 cores); fetched brief is the SM8750-3-AB bin with 2 Prime + 5 Performance (7 cores); bandwidth 84.8 GB/s per Wikipedia (64-bit bus, 5300 MHz DDR: 5300x2x64/8)"
Qualcomm,Snapdragon X Elite (Hexagon NPU),"Oryon 12-core, up to 3.8 GHz (X1E-84-100/X1E-00-1DE); 3.4 GHz on X1E-78/80-100",12,Adreno X1-85 (4.6 TFLOPS on X1E-84-100),45,,LPDDR5X-8448 (8448 MT/s),135,4,https://docs.qualcomm.com/bundle/publicresource/87-71417-1_REV_F_Snapdragon_X_Elite_Product_Brief.pdf | https://en.wikipedia.org/wiki/List_of_Qualcomm_Snapdragon_systems_on_chips,"NPU ""45 TOPS"" precision not stated in brief; bandwidth 135 GB/s vendor-stated (check: 8448 MT/s x 128-bit/8 = 135.2); 4nm per brief"
Qualcomm,Snapdragon X Plus X1P-42-100 (Hexagon NPU),"Oryon 8-core, 3.2 GHz (X1P-42-100)",8,Adreno X1-45 (1.7 TFLOPS),45,,LPDDR5X-8448 (8448 MT/s),135,4,https://www.qualcomm.com/content/dam/qcomm-martech/dm-assets/documents/Snapdragon-X-Plus-Product-Brief.pdf | https://en.wikipedia.org/wiki/List_of_Qualcomm_Snapdragon_systems_on_chips,All X Plus SKUs in brief list 45 NPU TOPS (precision not stated); 10-core SKUs X1P-64/66 also exist; bandwidth 135 GB/s vendor-stated; GPU from Wikipedia
Intel,Core Ultra 7 155H NPU (Meteor Lake),"6 P-cores (12 threads) + 8 E-cores + 2 LP E-cores, turbo up to 4.8 GHz",16,"Intel Arc graphics, 8 Xe-cores (128 vector engines), up to 2.25 GHz",11,,LPDDR5X-7467 or DDR5-5600 (dual-channel),,Intel 4 (compute tile); TSMC N5 (GPU tile); TSMC N6 (SoC/I-O tiles),https://en.wikipedia.org/wiki/Meteor_Lake,Wikipedia Meteor Lake: NPU 11 TOPS (precision not stated on page; same NPU is 13 TOPS INT8 per Arrow Lake page); core split read from table rowspans; Intel ARK returned 403; bandwidth not computed because bus width not stated on page
Intel,Core Ultra 7 258V NPU (Lunar Lake),"4 P-cores + 4 LP E-cores, turbo up to 4.8 GHz",8,"Intel Arc (Xe2-LPG), 8 Xe cores, up to 1.95 GHz",47,,"LPDDR5X-8533 on-package, 32 GB",,3 (TSMC N3B compute tile); TSMC N6 platform tile,https://en.wikipedia.org/wiki/Lunar_Lake,Wikipedia Lunar Lake SKU table lists 47 int8 TOPS for 258V (page text says NPU 4 up to 48 int8 TOPS); NPU 4 architecture; Intel ARK returned 403; bandwidth not computed because bus width not stated on page
Intel,Core Ultra 9 285H NPU (Arrow Lake-H),"6 P-cores + 8 E-cores + 2 LP E-cores, turbo up to 5.4 GHz",16,"Intel Arc graphics, 8 Xe-cores (128 vector engines), up to 2.35 GHz",13,,DDR5-6400 (Arrow Lake family infobox),,TSMC N3B (compute tile); TSMC N5P (GPU tile); TSMC N6 (SoC tile),https://en.wikipedia.org/wiki/Arrow_Lake_(microprocessor),"Wikipedia Arrow Lake: NPU is the Meteor Lake NPU (NPU 3720), 13 TOPS INT8 per page text; 285H table NPU column 13; memory type is the family infobox value, not specific to the H part; bandwidth not computed (bus width not stated)"
